Design & Graphics,"Browse graphic design services including logo design, print design, brochure design and more to bring your brand to life.Boost traffic, increase customers, and make more money.","Contact us today for engaging graphic design services including logo design, print design, brochure design and more."
Developing & Tech,"Custom design, developing and tech services to for all your software needs, applications, and platforms to boost performance and optimize workflow.","We offer custom design, developing and tech services that make organizations more agile. Fine-tune your apps and processes."
Ecommerce & CMS,"Scalable CMS features, eCommerce platforms and flexible cloud solutions to rapidly innovate and grow your business.","Choose the best eCommerce and CMS services, sites, platforms and features to rapidly innovate and grow."
Content & Copywriting,"Content and SEO Copywriting, Proofreading  for your blog, business website, or social media. Our expert copywriters have you covered.","Find an expert writer for all your content and copywriting needs on business, academic, personal and research topics."
Internet Marketing,"Meaningful and results-driven Internet Marketing campaigns and strategies with a focus on SEO, PPC, Social Media, Web Design, Email Marketing, Display, and Analytics.",Increase your leads and eCommerce revenue with our full range of Internet Marketing services.
Video & Audio,"Video and Audio Production services for all your Voice Over, Mixing, Producing, Composing, Editing and other multimedia needs.",We cover all types of video and audio production and editing for live and on-demand streaming on your website.
Logo Design,"Custom logo design for your business - from conception to completion with hundreds of fonts, styles, icons and vectors.",Choose one of our professional logo design templates or customize your own for a logo that fits your style.
Logo Customization,"Logo Customization solutions for unique corporate brand identities. Personalize hundreds of designs with a monogram, embroidery, heat stamp or engraving. ",Our Logo Customization services guarantee custom logos you're guaranteed to love.
3D Design,"Profesisonal services for 3D CAD design, 3D Architectural Rendering and Visualization services to bring your ideas to life.","We help clients with 3D design services, rapid prototyping and rendering for quick, unique, enticing, affordable results."
Photo Editing,Photoshop retouching and professional photo editing services with fast and easy image processing and rendering.,"Enhance your images and pictures with professional photo editing, processing, retouching and rendering services."
Drawing & Sketching,"Technical drawing and sketching, illustrations and painting available from experienced designers, suitable for all businesses or websites.",Our artists capture ideas and iterate quickly with a range of technical drawing and sketching services.
Vector Illustration,"High quality vector illustration services, including vector illustrations, raster to vector, image vectorization and more for all of your branding, promotion work.","Scale your design into a vector illustration with our services, including raster to vector, image vectorization and more."
Caricatures,Affordable Freelance Caricatures from profesisonals who can create illustrations and caricatures from photos.,Hire a digital artist today for conceptional and customized caricatures drawn from your pictures.
Cartoon Design,"Cartoon design and logo, cartoon character design, cartooning & illustration services for WebSite Templates, Brochures, Flyers, Posters and more.","Our talented artists create unique cartoon designs, cartoon logos and cartoon illustrations just for you."
eBook cover,Professional eBook cover design and formatting services for authors with hundreds of layouts to choose from.,Sell more books with an attractive eBook cover design - the best marketing tool at your disposal. 
Digital Publishing,"Digital publishing solutions for the design, management and distribution of online publications, including journals, conference, newspapers, magazines, catalogs and journals. ","We put your brand, service or product on the digital map with expert digital publishing services."
Invitation Design,Invitation Design for any occasion with hundreds of professional layouts to choose from that can be customized to suit every taste and need.,"Create attractive and elegant invitations for any event or occassion with custom shape, size, colour, graphic, paper type, font and accessory."
T-Shirt Design,Custom T-Shirt design services with hundreds of layouts to choose from that can be personalized with templates and your own designs.,"From print-ready T-shirt designs to custom artwork, we make it fun and easy to design t-shirts for your business, school or occassion."
Icon Set Design,"Custom icon set design for web and software developers for Windows, Mac OS, iPad, iPod, Android, Nokia, web templates.",Choose from icon set design templates or order custom ones ready for web or software applications.
Customize Graphics,Customize Graphics with graphic design and print production services with different artistic styles and techniques for a focused message.,"Stand out from the competition as we customize graphics with professional, personalized graphic design services."
Poster & Flyer Design,Choose from thousands of attractive layouts for your Poster and Flyer Design to create great-looking marketing materials that engage and convert.,We provide custom poster and flyer design services as well as thousands of attractive templates to choose from.
Brochure Design,"A great selection of templates and layouts for your Brochure Design to get ideas & inspiration with custom layouts, ready for printing.",Make a good impression on clients and partners with professional-looking brochure design and layout.
Other,"Other Miscellaneous services to give your business a competitive edge like on-demand content, online lessons, virtual assistants and more.","We offer other miscellaneous services like on-demand content, online lessons, virtual assistants and more.to boost your business."
New Website Development,"New Website Development, design and programming services to create responsive, sleek and functional pages that convert.",We realize your vision with new website development services to increase your online visibility and client base.
Landing Page,"Landing Page Design, Landing Page Optimization and Writing to help any business turn traffic into sales with ease.","We design and create content for attractive Landing Pages that engage, convert and turn traffic into sales."
Web Components,Streamline front-end development with Web Components and HTML elements for a cleaner and more modular application design.,Help your website get noticed with responsive and functional web components that raise awareness.
PSD to HTML,Manual PSD to HTML and CSS conversion services with all device and cross browser compatibility features.,Get the highest quality markup PSD to HTML conversion services to replicate your exact design.
Email Design,"Compelling, message-focused Email Design with responsive email/newsletter templates design and email templates HTML coding services.","Benefit from a cost-effective solution your custom, engaging emails that build awareness and create a lasting impression for your brands."
Bug Fixes,"Bug fixes and resolving issues with glitches and template errors for al lypes of websites, apps, software and OS.",Our testing professionals will solve existing issues for your website and will propose bug fixes for apps and software.
Website Customization & Updates,"Afordable, functional and reponsive website customizationa and updated to bring mobile customization and mobile personalization.",We push the boundaries with website customization and updates to bring you a new digital experience.
PHP & Python,"Experienced development services in both PHP & Python skillset, tools, and beyond, including Custom Apps, Web Development, GUI, & Computing.","Fast, flexible and pragmatic PHP and Python development for all your back-end operations. Power your blog or site intuitively."
Server Admin,"Server Admin and server monitoring services for Linux, Unix and Windows to keep systems and applications at their peak performance.","Configure your base system to your specifications with fast, reliable and affordable server admin services."
Wordpress,"Wordpress site development, Wordress support, Wordpress themes and plug-ins installation to suit all types of businesses.","Dive deep into the world of Wordpress with fast, lightweight and responsive websites that engage your audience."
Drupal,Engaging and immersive digital experiences with Drupal services that bring deep capabilities and endless flexibility on the web.,We specialize in Drupal development services for amazing and engaging digital experiences.
Joomla,"
Joomla Hosting, Joomla Installation, Joomla Auto-Updates, Joomla customization for web designs, websites, security and support.","Hire expert Joomla web designers and developers for web designs, websites, security and support solutions to deliver effective results."
Online Shopping,Online shopping toolkits to take eCommerce to the next level of seamless customer experience and back-end optimization.,Make it easy to sell your products or services online with custom shopping services 
Shopify,Professional web developers who can build beautiful and responsive Shopify sites with a range of different features.,"We build responsive Shopify websites that have everything you need to sell online, on social media, or in person."
Magento,Custom Magento web development and e-commerce solutions including Magento Customization & Integration services.,We empower retailers and brands with Magento - the best eCommerce platform to rapidly innovate and grow.
OpenCart,"OpenCart Mods, Contribs, Modules, Payment Modules and OpenCart Scripts to successful eCommerce website development.",Operate a successful eCommerce site with OpenCart template design and OpenCart cutomization services.
Prestashop,"Unique PrestaShop Modules and Quality Services, including development, consulting and shop upgrade solutions.",We offer unique Prestashop modules and services to boost your online presence.
WooCommerce,WooCommerce services to make shipping more reliable and secure on any eCommerce website.,Make features of your eCommerce business like shipping more reliable with WooCommerce services.
CMS Other,"Other CMS services, including IT infrastructure solutions and solutions like Infrastructure Management, security and app development.",We provide cost-effective and cutting-edge Other CMS services to back up your eCommerce business.
Metatrader MQL,Develop programming indicators and scripts with Metatrader MQL to help with automated trading and technical analysis.,"We specialize in Metatrader MQL programming for developing trading strategies, indicators and scripts."
Resumes & Cover Letters,"Resmes and Cover Letters writing services as well as custom thank you letters and other job search correspondence, including samples and templates.",Increase your chances of getting hired with expert resumes and cover letters writing services to highlight your skills.
Proofreading & Editing,"Scientific and Academic Proofreading & Editing Services for authors of Journal Articles, PhD Theses, Dissertations, Research Papers, Books and more.","Make your articles, manuscripts, research papers and busiess documents extra professional with skilled proofreading and editing services. "
Translation,"Professional manual translation services from and to any language for essays, papers, books, dissertations, theses, documents and more.","Get fast, reliable and affordable translation services from and to a number of languages for all your texts and content."
Creative Writing,"Engaging creative writing services for authors, entrepreneurs, businesses, and more. Get creative copy with a personal touch.",Give your content that extra ingredient that makes it unique and engaging with creative writing services for any type of text.
Business Copywriting,Professional business copywriting services featuring industry expertise to help you make the best impression with your words.,Get people talking about your brand with powerful business copywriting that speaks to your customers.
Research & Summaries,"Academic Research and Summaries writing services, including executive summaries and full summaries of theses, essays, articles, and book chapters.","Order professional Research & Summaries based on your original content for business, school and personal projects."
Articles & Blog Posts,"High-quality, SEO-optimized Articles and Blog Posts produced by experienced writers with expertise across multiple industries.","Are you looking for articles and blog posts that inform, engage and sell? Get all the content you need today."
Press Releases,"Professional press releases that attract media attention. Press release writing and distribution for your brand, product, service or event.","Gain maximum exposure for your business, service, product or event with professionally-written Press Releases."
Transcription,"Online audio transcription, editing, video captions and document translation services for legal, business, academic and personal needs.","Get your audio and video files transcribed accurately with expert, reliable and affordable transcription services."
Legal Writing,"Accurate legal research and writing services for lawyers, law firms and attorneys for appellate briefs, motions, attorney opinions and advisory memoranda.","Inform, engage and convert your audience with expert legal research and legal writing by expert writers."
Other,"Other on-demand writing services for essays, term papers, research papers, thesis papers, reports, reviews, speeches and dissertations of the highest quality.","Choose from other on-demand writing services for all your business, school and personal needs."
Intros & Animated Logos,"Custom video Intros and ANimated Logos design services for Business presentations, clips, templates, presentations and explainer videos.",Get intros and animates logos designed on demand to increase brand exposure and engage your audience.
Promotional & Brand Videos,"Promotional and Brand VIdeos production, design and distribution services including 3D design, animations and branding.",Order professional promotional and brand videos to hook your customers and communicate your brand.
Editing & Post Production,"Affordable video editing and post production services, including Sound Editing, Fancy Transitions, Color Corrections And More.","Editing and post production services that make a difference. We will professionally edit your video footage, add your logo and subtitles to any video."
Lyric & Music Videos,"Professional Lyric and Music Videos production services for any style, musical instrument or performance.","Order custom lyric and music videos from professional singers and musicians for your business, product or event."
Spokespersons & Testimonials,"Spokesperson and testimonials services for any business, service or product to increase sales and drive media attention.","Increase visibility and generate buzz about your brand, product or service with professional spokesperons and testimonials."
Animated Characters & Modeling,"Animated Characters and Modeling services for feature films, TV Series, web series, commercials and video games.",Hire a freelance animator expert for affordable Animated Characters & Modeling services.
Other,"Other multimedia editing, montage, production and distribution services with customizable 3D designs and models for rigging.","Choose from our other multimedia editing, montage, production and publishing services to get your content to a larger audience."
Voice Over,"Professional voice over recording services for narration, Radio Spots, TV Commercials, educational vieos and much more.","If you need voice over work done, we have a team of professional native voice over artists to fulfill your projects."
Mixing & Mastering,"Mixing and Mastering services with superior quality audio results for all types of music videos, songs, recordings and tracks.",Get your songs mixed and mastered with very affordable mixing and mastering services from us today!
Producers & Composers,Qualified Producers & Composers with years of industry experience and expertise for all your original music needs.,Access a databse of experienced and professional producers and composers for all your music needs.
Singer-Songwriters,Top singer-songwriters for hire to record original music or perform their own self-written songs.,Hire professional singer-songwriters and get your songwriting project done remotely online
Sound Effects,"Music libraries, sounds effects and sound design services for your projects from qualified sound design experts.","We realize your vision with unique sound effects, music clips, and loops."
Other,"Other lyricists, cowriters, lyric writers, composers, musicians and publishers for hire to choose from.",Browse other multimedia professionals who can give your project character and real value.
Marketing Strategy,"Custom marketing strategy fand marketing campaigns to structure branding, product and service positioning.","Benefit from the right marketing strategy for your business and reach your goals faster, saving time and mone"
SEO & SEM,"Digital marketing services, including SEO and SEM services to help businesses and websites achieve high rankings.",Supercharge your online presence with expert SEO and SEM services that help you achieve high rankings.
SEO Plugins & Tools,"SEO Plugins & Tools installation, recommendations and upgrades to optimize performance and enhance user experience.",Boost your brand presence with SEO Plugins and Tools designed to maximize your digital footprint.
Web Traffic,"Web Traffic analysis, Social Media, SEO and Email services to increase traffic and drive conversions.","Increase your web traffic and convert visitors to customers with intuitive analysis, social media strategy and SEO services."
Email Marketing,"Email marketing campaigns and services to build brands, engage leads and keep customers informed.",Take advantage of Marketing's Most Effective Channel with custom Email Marketing campaigns and strategies.
Video Marketing,"Attractive video marketing services, including design, animations, logo and character modeling to meet business goals.","Produce, optimize and promote your video content with expert video marketing services to gain new customers for your business."
Mobile Advertising,Mobile advertising techniques and campaigns for contextual and personalized ad experiences on mobile devices.,Grow your business with proven mobile advertising servies that guaranee more exposure and engagement with your customers.
Web Analytics,Powerful web analytics to generate statistics about website visits to understand and optimize web usage.,Access powerful and insightul web analytics to understand and optimize web usage and user experience.
Social Media Marketing,"Social Media Marketing Campaigns and strategies on Facebook, Twitter, Instagram, & LinkedIn that connect, engage and convert users into customers.",We create social media marketing campaigns that connect you with customers while driving word-of-mouth advertising.
Other,"Other social media marketing, content creation, video production or help with promotions to popularize your brand, product or service.",Browse other marketing services and solutions designed to maximise brand exposure and drive conversions.
Content Marketing,"Content marketing services, including content creation and promotion via various social channels to increase brand exposure.","Attract, engage and convert more customers with expert content marketing services."
Marketing Help,Professional marketing help backed by marketing expertise to help businesses build online visitors.,Receive expert marketing help services backed by experience to build online visitors.
Databases,"Databases services for building an effective, usable database environment to support all your business applications.",Build functional and scalable databases for your business with expert services for easy installation and maintenance.
iOS Development,"Custom IOS Development from research to UX & UI, to application launch for Phone, android and iPad at competitive rates.",Find cutting-edge IOS development services for your intuitive and feature-rich applications and mobile trends.
Android Development,"Custom, Android Mobile Development to grow your user base, and monetize more effectively with the right applications.","Access best-class Android Development services for bug-free, timely and robust android based apps for all business types."
Audio Editing,"Professional Audio Editing and Enhancing Services for films, interviews, audiobooks, radio Jingles, voice overs, documentaries & podcasts.","Sounds more professional with expert audio editing services for your podcast, interview, audio book, presentation, etc."
ASP.NET,"ASP.NET application services and built-in Web services for access to features such as forms authentication, roles, and profile properties.",Unlock functionality with multi-server ASP.NET applications that reach a broad range of clients.
Native Web App,Cross-Platform App Formatting Tools and Native Web App Development in the cloud aligned with your competitive strategy.,"Build, deploy and manage your business smarter with native web app development that has the power to lower costs."
Product Descriptions,"Engaging product descriptions optimized with proper keywords to inrease visibility, connectt with consumers and stand out from the competition.",Order attractive product descriptions optimized for search engines to put your eCommerce site on the digital map.
Business,"Business design and custom development services, including strategies, consultation and analysis of key metrics to optimize performance.",Grow your business with a range of business design and custom development services that are highly persuasive.
Business Plans,"Business Plans Writing, financial plan and marketing plan writing services for all types of businesses and industries.",We make the most of your business plans writing needs by providing expert business plans that will impress investors.
Market Research,"A full range of Market Research services, including market research reports and industry analysis on products, markets, companies, industries, and countries worldwide.",We focus on all aspects of market research to deliver both qualitative and quantitative market research services.
Legal Consulting,"Legal Consulting Services to protect Corporate Value, safeguard Intellectual Property and secure Data supply chains. ","Access legal consulting services backed by expertise in specific practice areas, as well as proven tools, and methodology."
Financial Consulting,"Expert Financial Consulting for valuation, financial due diligence, forensic, restructuring and other key financial consulting services.",We serve all major areas of the financial services industry with thorough and professional financial consulting services that help you grow.
Business Tips,"Business Tips and Business Advice on process optimization, workflow optimization, growth strategies, regulatory compliance and more.",Discover business tips that are applicable across multiple industries and sectors to help you be more effective and insrease revenue.
Presentations,"Professionally designed and written PowerPoint presentations for business, academic, educational and personal projects and events.","Order engaging and professionally-designed presentations for your business, academic and personal projects."
Virtual Assistant,"Virtual assistant services for business, administrative and personal tasks on a full-time, part-time or hourly basis.",Save time and money with virtual assistant services from experienced freelancers across the globe.
Branding Services,"Brand services for unforgettable brand experiences through a comprehensive brand identity kit, brand promotions and brand design.",Differentiate your brand from key competitors and position it for significant growth with professional branding services.
Career Advice,"Professional career advice backed by experience and based on thorough analysis, educational and professional background research and interviews.",Give your career a boost with expert career advice and consultations that will help you market yourself better.
QA,"QA services for complete quality assurance, including site certification, root cause analysis and other process improvements.",Achieve better outcomes and process improvements with thorough QA services that guarantee quality assurance.
User Testing,"User Testing services to test app and site operations, ease-of-use, intuitiveness, and overall usability.","Get all the value of research with powerful user testing services to evaluate your website, service or product."
Whiteboard & Explainer Videos,Whiteboard and Explainer Video design for your product or service in any style/format of desire.,"Increase customer outreach with simple, engaging and professional Whiteboard & Explainer Videos designed by experrt."
eCommerce,"Other eCommerce consulting, design, implementation, systems integration, hosting, training and support services.","Build powerful, user-friendly and responsive eCommerce sites to grow your business online."
chatbot,"Chatbot design, development, implementation and support to streamline and enhance customer interaction.",Enhance user experience and improve customer support services with custom-developed chatbots.
AI & Machine Learning,"AI & Machine Learning to generate business insights and new service, optimize workforce and process management.",Access business insights and unlock new opportnities with powerful AI & Machine Learning services and analytics.